Gender,Married,Dependents,Education,Self_Employed,EmploymentType,ApplicantIncome,CoapplicantIncome,LoanAmount,Loan_Amount_Term,Credit_History,Property_Area,Loan_Status
0,1,3,1,1,3,1952.18,2573.76,154.16,120.0,1.0,2,1
1,1,0,0,1,1,5659.49,0.0,251.94,180.0,0.0,0,0
1,0,1,1,0,2,2999.68,1587.22,109.2,180.0,1.0,1,1
1,0,1,0,1,0,6265.55,0.0,251.53,360.0,1.0,1,1
1,0,0,0,1,3,6942.48,418873.82,267.06,300.0,1.0,2,1
1,1,0,0,1,0,6431.08,0.0,254.86,120.0,1.0,2,1
1,1,0,0,0,2,4252.41,0.0,150.63,180.0,1.0,0,1
1,1,0,0,1,3,1894.51,0.0,82.45,300.0,1.0,2,1
1,1,1,1,0,2,2254.38,2122.57,188.94,240.0,1.0,0,1
0,0,0,0,0,2,4662.4,1873.21,220.44,360.0,1.0,0,1
1,1,0,0,0,2,3291.23,3238.01,291.6,240.0,0.0,1,0
1,0,3,0,1,3,7769.9,1684.83,402.39,300.0,1.0,2,1
1,0,0,0,0,2,2546.81,2239.1,223.39499999999998,300.0,1.0,2,1
0,1,0,1,0,2,2153.39,0.0,96.19,360.0,1.0,2,1
1,1,1,0,1,0,4881.41,1438.28,199.3,120.0,1.0,1,1
1,0,0,1,0,2,4111.92,2591.85,311.78,240.0,1.0,1,1
1,0,1,0,0,2,2784.91,1407.91,190.02,240.0,1.0,0,1
0,0,0,0,1,0,2659.43,0.0,71.35,120.0,1.0,1,1
1,1,0,0,1,1,2735.63,0.0,89.6,360.0,1.0,0,1
0,0,0,0,1,0,7337.17,2858.32,388.36,240.0,0.0,2,0
1,0,1,0,1,0,8602.76,0.0,402.93,240.0,1.0,0,1
0,0,0,0,0,2,7699.1,2617.04,423.72,240.0,1.0,1,1
1,1,0,0,0,2,3816.32,4743.23,348.06,180.0,0.0,2,0
1,1,2,0,0,2,478979.09,2491.26,308.95,360.0,1.0,2,1
1,0,0,1,1,0,3523.69,5030.47,329.33,180.0,1.0,0,1
1,0,0,0,0,2,5351.59,0.0,201.27,240.0,1.0,2,1
1,0,0,1,0,2,3355.56,0.0,89.37,180.0,1.0,2,0
1,1,0,1,0,2,1007.26,0.0,223.39499999999998,180.0,0.0,1,0
1,1,0,0,0,2,5808.52,0.0,245.71,360.0,1.0,1,1
1,0,2,0,1,1,4417.75,0.0,160.93,360.0,1.0,2,1
1,1,3,0,0,2,6601.64,0.0,232.81,120.0,0.0,0,1
1,1,2,0,0,3,3324.98,546.85,175.13,300.0,1.0,1,1
1,1,1,0,0,2,6537.88,0.0,211.58,120.0,1.0,1,1
1,1,0,1,0,2,3393.24,0.0,125.16,240.0,1.0,1,1
1,1,2,0,0,2,1523.06,0.0,86.89,240.0,1.0,0,1
1,1,0,0,0,4,1735.73,2804.54,158.55,300.0,0.0,0,0
1,0,0,0,1,0,7004.13,1422.72,327.11,120.0,1.0,0,1
1,0,2,0,0,2,5387.31,0.0,255.48,180.0,1.0,1,1
1,1,1,1,0,2,2230.77,0.0,116.79,180.0,1.0,0,1
1,1,0,0,0,2,4979.31,2058.5,297.05,360.0,1.0,2,1
0,1,2,1,1,3,2953.71,0.0,126.31,120.0,1.0,1,1
1,1,3,0,0,2,3365.79,816.44,172.05,240.0,1.0,0,1
1,1,0,0,0,2,7287.94,3543.86,487.42,300.0,1.0,0,1
0,1,1,0,0,2,8092.27,0.0,316.08,180.0,1.0,0,1
1,1,2,0,0,2,4773.57,0.0,216.24,240.0,0.0,2,0
0,0,0,0,0,2,6104.08,0.0,223.39499999999998,120.0,1.0,2,1
1,1,3,0,0,2,4642.18,3954.16,349.54,120.0,1.0,1,1
1,0,2,0,0,2,1204.13,0.0,34.36,120.0,0.0,0,0
0,1,1,0,0,2,5836.23,0.0,190.94,300.0,1.0,0,1
1,1,3,0,1,0,12467.77,1809.45,556.4,240.0,1.0,2,1
1,1,2,0,0,2,6307.84,3828.58,423.4,240.0,1.0,0,1
1,1,1,1,0,2,3953.56,1454.24,264.91,240.0,1.0,0,1
1,1,3,0,0,2,5505.51,4226.35,402.57,120.0,1.0,2,1
1,1,3,0,1,0,5730.42,0.0,266.45,180.0,1.0,2,1
1,1,0,1,0,2,2026.32,0.0,86.35,360.0,1.0,0,1
1,1,0,0,1,0,8943.05,2725.79,458.36,120.0,1.0,0,1
1,1,0,0,0,2,1779.35,0.0,58.72,240.0,1.0,2,0
1,1,0,0,0,0,6614.12,3318.61,401.65,120.0,1.0,0,1
1,0,2,1,0,2,1803.12,4201.72,223.39499999999998,300.0,0.0,0,0
1,0,0,0,1,1,6478.59,3114.94,223.39499999999998,300.0,1.0,0,1
1,0,2,0,1,3,3719.5,2820.66,269.01,120.0,1.0,1,1
1,0,0,0,0,2,4792.82,3257.55,337.29,360.0,1.0,0,1
1,1,0,0,1,0,9122.57,1543.31,405.14,360.0,1.0,2,1
1,1,0,0,0,2,7570.8,2148.75,371.24,360.0,1.0,2,1
1,1,0,0,0,2,3364.99,0.0,72.9,300.0,1.0,0,1
1,0,1,0,0,2,5062.66,1520.29,239.18,180.0,1.0,1,1
1,1,2,1,0,2,1700.01,1804.77,110.0,360.0,1.0,1,1
1,0,0,0,0,2,8064.84,0.0,356.15,240.0,1.0,2,1
1,1,0,0,1,0,7683.97,492.52,223.39499999999998,180.0,1.0,2,1
1,1,0,0,0,2,3986.59,938.1,211.4,240.0,1.0,0,1
1,1,0,1,1,0,4340.97,399496.88,296.92,240.0,1.0,0,1
1,0,0,1,0,2,2919.95,2335.73,172.83,360.0,1.0,1,0
1,1,0,0,1,3,5467.35,3686.12,317.62,180.0,1.0,2,1
0,1,1,0,0,2,1842.4,0.0,80.65,120.0,0.0,2,0
1,1,0,0,0,2,945.1,4349.58,222.06,360.0,1.0,2,1
1,0,1,0,1,0,12916.1,4634.11,648.01,300.0,0.0,1,1
0,1,1,0,0,2,4608.96,0.0,208.74,120.0,1.0,0,1
1,1,1,0,0,0,5690.74,0.0,223.39499999999998,360.0,1.0,0,1
1,1,0,0,0,2,7911.38,0.0,322.7,360.0,1.0,2,1
1,0,0,0,1,0,15161.02,1695.62,692.77,360.0,1.0,1,1
1,1,1,0,0,4,1186.99,0.0,41.92,120.0,0.0,1,0
1,1,3,0,0,2,4039.79,0.0,109.02,180.0,1.0,2,1
0,1,2,1,0,2,4857.03,3203.28,348.41,360.0,0.0,1,0
1,1,1,0,0,2,5706.6,0.0,206.0,360.0,0.0,2,0
1,1,0,1,1,0,6455.76,4599.48,456.72,360.0,1.0,1,1
1,1,0,0,1,1,4875.43,2900.63,299.78,120.0,1.0,0,1
1,1,1,0,1,1,3937.19,0.0,159.9,120.0,1.0,2,1
1,1,0,0,1,0,9895.04,706.67,430.91,120.0,1.0,2,1
1,0,2,0,0,2,4982.68,2498.27,273.77,360.0,0.0,1,0
1,0,0,0,0,2,6413.22,1260.82,292.49,180.0,1.0,0,1
1,1,0,0,0,2,3713.77,0.0,153.55,360.0,0.0,0,0
1,0,1,0,1,0,13886.23,0.0,529.51,300.0,0.0,1,0
0,1,3,1,0,2,2043.76,5833.91,297.93,360.0,0.0,2,0
1,0,0,1,0,2,2990.05,1439.28,155.15,120.0,0.0,1,0
1,1,0,1,1,3,2093.92,0.0,130.64,360.0,1.0,2,1
1,1,2,0,0,2,2538.29,698.31,158.17,180.0,1.0,2,1
1,1,0,0,1,3,4963.01,586.82,223.91,180.0,1.0,1,1
1,1,0,1,0,2,3120.32,658.41,140.94,360.0,1.0,2,1
1,1,0,0,1,0,5626.28,360824.88,249.87,120.0,1.0,1,1
1,0,2,0,0,2,2671.79,4011.69,285.73,180.0,1.0,1,1
1,1,0,0,0,2,5903.15,545.14,216.65,240.0,0.0,2,0
1,1,1,0,0,1,5292.18,0.0,221.77,360.0,1.0,1,1
1,1,0,0,1,0,7372.17,0.0,307.66,300.0,1.0,1,1
1,1,1,0,0,2,6669.57,0.0,337.55,240.0,1.0,0,1
1,1,1,0,1,0,10200.37,614.89,454.97,180.0,1.0,1,0
0,1,0,0,0,2,2647.47,0.0,114.89,120.0,0.0,2,0
0,1,3,0,1,3,4403.08,0.0,204.12,180.0,1.0,0,0
1,1,1,0,0,2,3532.47,0.0,143.42,360.0,1.0,2,1
1,1,0,0,0,2,5532.68,0.0,185.88,300.0,1.0,1,1
1,1,1,0,1,1,4869.05,0.0,183.92,240.0,1.0,2,1
1,0,0,0,1,1,4096.54,1924.2,269.85,240.0,1.0,1,1
1,1,0,0,0,2,4974.75,1602.74,264.07,300.0,1.0,1,1
1,0,2,0,0,2,7676.56,0.0,296.04,120.0,1.0,1,1
1,1,3,1,0,2,1931.49,0.0,60.22,240.0,1.0,1,1
0,0,2,0,0,2,4429.63,0.0,182.92,180.0,1.0,1,1
0,0,2,0,1,0,7161.28,2377.59,421.83,300.0,1.0,1,1
1,1,2,0,0,2,3957.6,0.0,128.16,240.0,1.0,2,1
1,0,0,0,1,3,4979.86,1755.34,255.3,180.0,1.0,0,1
1,0,3,0,0,2,4911.32,0.0,196.13,180.0,0.0,0,0
1,1,0,0,0,2,4332.48,736.33,198.01,240.0,1.0,0,1
1,0,2,0,0,2,5857.02,0.0,238.32,120.0,0.0,0,0
0,0,0,0,1,3,6831.54,2538.67,411.42,180.0,1.0,1,1
1,1,1,1,0,2,2541.88,0.0,104.11,300.0,1.0,1,1
1,1,0,0,1,3,6041.61,0.0,211.29,180.0,1.0,2,1
1,1,0,0,0,2,4004.69,875.09,228.57,240.0,1.0,0,0
1,1,0,1,0,2,856.97,3398.76,168.59,180.0,0.0,1,0
1,1,1,0,0,2,1977.43,0.0,36.38,120.0,1.0,0,1
1,0,2,0,1,1,3833.16,0.0,173.11,240.0,0.0,2,0
1,0,2,0,0,2,3995.23,3124.96,223.39499999999998,240.0,1.0,0,1
1,1,3,0,0,2,2204.51,0.0,100.22,120.0,1.0,2,1
0,1,3,0,0,4,1390.73,3324.13,189.22,300.0,1.0,0,0
1,1,0,0,1,1,3672.93,0.0,95.95,240.0,1.0,0,1
0,1,1,1,0,2,1431.48,0.0,53.58,300.0,0.0,0,0
0,1,1,1,1,1,2677.81,2915.13,212.16,180.0,0.0,1,1
1,0,0,1,1,0,5076.31,0.0,226.7,120.0,1.0,0,0
1,1,0,0,0,2,3450.65,1538.44,190.42,240.0,0.0,0,0
0,1,0,0,0,2,5263.57,0.0,223.39499999999998,120.0,1.0,2,1
1,0,0,0,1,0,8763.96,2568.19,457.76,300.0,1.0,0,1
1,0,2,0,1,0,11025.3,4201.31,613.05,180.0,1.0,0,1
1,1,0,0,1,3,5549.34,0.0,238.47,240.0,1.0,1,1
1,1,2,0,0,2,7517.05,0.0,293.26,180.0,0.0,2,0
1,0,0,0,0,4,668.43,996.87,49.86,300.0,1.0,0,0
1,1,0,0,1,1,5565.49,160.85,233.94,300.0,1.0,2,1
1,1,0,1,0,2,3357.09,2425.16,230.89,120.0,1.0,0,1
0,1,0,0,1,1,6192.39,2080.53,327.21,180.0,1.0,2,1
0,1,0,0,1,3,4520.1,0.0,155.84,360.0,1.0,1,1
1,1,0,0,0,2,5431.28,0.0,168.11,180.0,1.0,2,1
1,1,0,0,0,2,500.0,0.0,10.47,120.0,1.0,0,1
1,0,0,0,0,4,1353.62,639.95,66.55,120.0,0.0,1,0
1,0,0,0,0,2,3799.06,0.0,181.53,300.0,1.0,0,1
1,1,3,0,0,2,6220.9,1244.01,232.51,180.0,1.0,2,1
1,1,0,0,1,3,4579.67,0.0,180.66,240.0,0.0,2,0
1,1,0,0,0,2,2086.15,0.0,50.46,240.0,1.0,0,1
1,0,3,1,0,2,3498.19,3621.52,273.01,240.0,0.0,0,0
1,0,2,0,0,2,2657.78,1742.71,166.66,180.0,1.0,1,1
1,1,2,0,0,2,4672.73,0.0,169.09,360.0,1.0,1,1
1,1,2,0,0,4,2672.19,2288.62,198.98,120.0,1.0,2,1
1,1,0,0,0,2,7607.37,0.0,267.99,240.0,0.0,2,0
1,1,0,0,0,2,6075.11,0.0,256.14,360.0,0.0,2,1
1,1,1,0,1,1,3423.2,0.0,190.24,120.0,1.0,2,1
0,0,0,1,1,3,2083.92,0.0,68.74,240.0,0.0,0,0
1,1,0,0,0,4,1833.82,0.0,107.43,120.0,1.0,2,1
1,0,0,0,0,2,6443.64,0.0,207.73,180.0,1.0,2,1
0,1,3,0,1,0,500.0,267.17,10.0,120.0,1.0,2,1
1,0,3,0,0,2,6249.92,555.07,312.7,120.0,1.0,2,1
1,1,0,0,1,1,8119.43,6279.85,593.08,120.0,1.0,1,1
0,0,3,0,1,0,8551.03,0.0,223.39499999999998,360.0,1.0,1,1
0,0,0,0,1,3,2637.62,0.0,141.39,180.0,0.0,2,0
1,0,3,0,0,2,4304.15,389.67,223.39499999999998,120.0,1.0,0,1
1,1,0,0,1,0,8858.24,0.0,373.32,120.0,1.0,1,1
1,1,0,0,1,3,3459.4,0.0,116.32,300.0,1.0,2,1
1,0,0,0,0,2,5670.75,4653.56,428.33,180.0,1.0,0,1
1,1,0,0,0,2,500.0,1189.81,43.16,300.0,1.0,1,1
1,1,0,1,1,3,3917.58,2298.42,288.38,180.0,1.0,0,1
1,1,1,0,1,0,6134.86,0.0,221.47,240.0,1.0,1,1
1,1,0,0,0,2,5281.75,0.0,223.39499999999998,360.0,1.0,1,1
1,0,1,0,0,2,2079.34,3001.45,218.26,120.0,1.0,0,1
1,1,1,0,1,3,5939.55,5739.95,479.11,360.0,1.0,0,1
1,0,2,0,0,2,6496.86,1814.36,338.53,240.0,1.0,1,1
1,1,1,1,0,2,2443.18,0.0,118.64,240.0,0.0,1,0
0,0,0,0,0,2,4897.36,1865.05,325.86,360.0,1.0,0,1
1,1,1,0,0,2,2373.86,0.0,72.67,120.0,1.0,2,1
1,1,0,0,0,2,1212.2,0.0,59.26,120.0,1.0,0,1
0,1,2,0,0,2,5812.99,0.0,265.88,120.0,1.0,1,1
1,0,0,0,1,0,8115.68,0.0,311.76,240.0,0.0,1,0
1,0,0,0,0,2,3916.28,1510.25,227.55,300.0,1.0,0,1
1,1,0,0,0,2,5288.14,1900.27,250.51,240.0,0.0,0,0
1,0,2,0,1,0,8083.74,0.0,346.94,180.0,1.0,2,1
0,1,1,1,0,2,2736.74,1383.46,170.1,180.0,1.0,1,1
1,1,1,0,1,3,3168.53,0.0,108.72,300.0,1.0,1,1
0,1,0,0,0,2,4457.66,201952.06,238.63,360.0,1.0,0,1
1,0,3,0,1,1,5845.16,0.0,250.61,300.0,1.0,0,1
1,0,1,0,0,2,3793.51,0.0,145.65,120.0,1.0,1,1
1,1,1,0,1,1,7451.64,0.0,306.03,180.0,1.0,2,1
1,1,0,0,1,0,3948.27,0.0,178.37,300.0,1.0,0,1
1,1,2,0,1,1,4299.66,594.82,147.23,120.0,1.0,0,1
1,1,0,0,1,1,1775.4,4247.15,245.99,300.0,1.0,0,0
1,1,0,0,0,2,6906.88,0.0,259.27,180.0,1.0,0,1
1,1,0,0,0,2,5827.63,2040.43,280.2,120.0,1.0,2,1
1,1,3,0,1,3,4125.44,1736.73,229.97,300.0,1.0,2,1
1,1,0,0,1,0,15174.97,2268.53,659.59,360.0,1.0,0,1
1,1,0,0,0,2,6996.03,1836.25,400.06,360.0,1.0,1,1
0,1,2,1,0,2,4866.2,0.0,187.51,240.0,1.0,1,1
0,1,0,0,0,2,9038.5,0.0,348.49,240.0,1.0,0,1
1,0,0,1,1,3,1526.88,3580.15,144.62,120.0,1.0,1,1
1,1,1,1,1,0,2302.39,1772.54,162.2,240.0,1.0,1,1
1,0,2,1,0,3,2414.22,3523.15,266.9,360.0,1.0,1,1
1,1,0,0,1,1,2438.34,4328.76,239.97,240.0,1.0,0,1
1,0,1,0,1,0,11953.33,1085.88,523.81,120.0,1.0,0,1
1,1,2,0,0,2,4171.24,0.0,225.72,120.0,1.0,2,1
1,0,0,0,0,2,5192.44,3893.1,335.77,300.0,1.0,2,1
1,1,1,0,1,0,5492.62,30.41,200.8,360.0,1.0,1,1
0,1,0,1,1,0,2015.53,3810.93,244.76,120.0,1.0,1,1
1,1,0,0,0,4,783.91,4893.22,246.4,300.0,1.0,1,1
1,1,0,0,0,2,1930.72,0.0,67.23,300.0,1.0,2,1
0,1,3,0,1,0,6543.12,3239.25,403.32,300.0,1.0,0,1
1,1,2,0,1,3,4658.2,2356.2,272.01,240.0,1.0,0,1
1,1,2,0,0,2,3033.09,2983.04,261.91,240.0,1.0,0,1
1,0,2,0,1,0,2876.25,0.0,106.9,120.0,1.0,0,1
0,1,2,1,1,3,2001.06,0.0,121.01,240.0,1.0,0,1
1,1,2,0,1,0,9455.88,0.0,401.88,180.0,0.0,1,0
1,0,0,1,0,4,1243.38,1395.48,104.1,360.0,1.0,2,1
1,1,1,0,1,0,11425.81,0.0,478.25,300.0,0.0,1,1
1,1,0,0,1,0,10202.76,0.0,407.11,240.0,0.0,0,0
1,1,0,0,0,2,6627.22,224.01,308.75,180.0,1.0,2,1
1,0,0,0,1,3,5462.18,0.0,253.35,360.0,0.0,2,0
1,1,0,0,0,2,5273.73,0.0,257.3,240.0,1.0,0,1
1,0,0,0,1,3,3700.23,0.0,157.48,300.0,1.0,0,1
0,1,0,0,1,0,3112.5,0.0,77.87,240.0,1.0,1,1
1,0,3,0,0,2,3540.68,2473.0,246.31,240.0,1.0,2,1
1,1,0,1,1,3,1576.1,0.0,72.47,180.0,1.0,1,1
0,0,0,0,0,2,4757.7,0.0,223.39499999999998,120.0,1.0,1,1
1,0,1,0,0,2,1158.85,0.0,84.03,240.0,0.0,2,0
1,1,0,1,0,2,3521.89,3749.87,343.77,360.0,1.0,2,1
1,1,0,0,1,3,4214.74,2809.6,281.76,120.0,1.0,1,1
1,0,0,0,0,2,6629.11,0.0,217.31,300.0,1.0,2,1
1,1,0,0,1,0,7101.72,0.0,290.22,120.0,0.0,2,0
1,1,1,0,0,2,4356.04,0.0,146.92,240.0,1.0,2,1
0,1,2,0,0,2,7259.81,5943.61,546.34,120.0,1.0,2,1
1,0,0,0,1,1,6813.89,2886.14,313.22,240.0,1.0,2,1
1,1,2,0,0,2,3689.53,5061.08,350.94,360.0,1.0,1,1
1,1,2,0,0,2,3779.87,3141.31,276.75,360.0,1.0,0,1
0,0,1,0,1,3,7426.6,0.0,279.31,300.0,0.0,2,0
1,1,0,0,0,2,3516.37,0.0,178.28,300.0,1.0,1,1
0,1,0,0,0,3,5481.92,0.0,223.39499999999998,240.0,1.0,0,0
1,1,0,0,1,1,4938.28,0.0,177.07,300.0,1.0,0,1
1,1,0,0,1,1,5985.42,0.0,246.22,360.0,0.0,2,0
1,1,1,0,0,2,2721.01,2708.45,163.56,120.0,1.0,0,1
1,1,1,0,1,3,4926.39,0.0,244.84,120.0,1.0,0,1
1,1,0,0,1,3,4436.14,550.69,178.78,180.0,1.0,2,1
1,0,0,1,0,4,500.0,1017.88,63.22,240.0,1.0,1,1
1,1,1,0,1,1,4325.45,0.0,170.52,120.0,1.0,0,1
1,1,3,0,1,3,500.0,1589.52,116.41,360.0,0.0,2,0
1,0,0,1,1,1,1710.51,0.0,109.85,240.0,1.0,0,1
1,1,0,0,0,2,2393.23,0.0,71.1,120.0,1.0,2,1
1,1,3,0,0,2,3700.48,1572.55,243.96,120.0,1.0,2,1
1,0,3,0,1,1,4627.65,221.02,229.05,180.0,1.0,2,1
1,1,0,1,1,1,5166.32,3234.29,323.78,120.0,1.0,2,1
1,0,0,0,0,2,3994.91,0.0,171.34,180.0,1.0,1,1
1,0,2,0,1,1,5134.09,2580.02,277.88,240.0,1.0,0,1
0,1,2,0,0,4,1531.69,0.0,75.17,120.0,1.0,1,0
1,1,1,0,0,2,3694.17,0.0,144.28,240.0,1.0,2,1
1,1,0,0,1,0,3033.37,2980.5,242.06,240.0,1.0,2,1
1,0,0,1,0,2,3006.2,0.0,128.01,360.0,0.0,0,0
1,1,1,1,0,2,4970.53,2574.75,275.34,180.0,1.0,0,0
0,1,0,0,0,2,1887.0,0.0,99.02,300.0,0.0,1,0
1,1,0,0,1,1,5931.76,1262.78,268.6,120.0,1.0,0,1
1,0,1,0,0,2,2599.38,3447.38,213.85,180.0,0.0,0,1
1,0,0,1,1,3,2715.78,1208.54,196.85,300.0,1.0,1,1
1,0,1,0,0,2,6052.12,216.89,224.11,300.0,1.0,0,1
1,1,0,0,1,0,10760.86,5504.98,640.28,240.0,1.0,0,1
1,0,0,1,0,2,2206.46,5294.2,337.52,240.0,1.0,0,0
1,1,2,1,0,2,1316.33,3686.38,223.39499999999998,120.0,0.0,0,1
1,0,1,1,0,2,1749.87,0.0,88.83,240.0,0.0,1,0
1,1,2,0,0,2,5009.75,3066.36,336.75,180.0,0.0,1,0
0,0,2,1,0,2,3194.61,0.0,123.86,120.0,0.0,0,0
1,1,0,0,0,2,4951.03,0.0,169.75,360.0,1.0,0,1
1,1,2,1,0,2,4318.63,1042.4,182.36,300.0,1.0,1,0
0,0,1,0,0,2,7576.12,0.0,223.39499999999998,120.0,0.0,1,0
1,1,0,0,0,2,4850.16,0.0,183.84,180.0,1.0,2,1
1,1,1,0,1,0,5023.98,0.0,132.13,240.0,1.0,0,1
1,1,2,0,1,1,5109.32,1284.55,274.16,240.0,1.0,1,1
1,1,3,0,0,2,4525.65,3556.4,338.3,360.0,1.0,2,1
1,1,0,1,0,2,500.0,0.0,87.12,120.0,1.0,2,1
1,1,3,0,1,1,7113.09,0.0,308.33,360.0,1.0,0,1
1,1,1,1,0,2,3469.31,5300.29,307.48,120.0,0.0,0,0
1,1,0,0,1,3,9125.58,0.0,344.8,240.0,1.0,2,1
1,1,0,0,0,2,4826.23,0.0,173.74,240.0,1.0,0,1
1,0,0,0,0,3,3276.5,337.25,90.07,300.0,1.0,2,1
1,1,0,0,1,3,2236.68,2446.38,242.91,360.0,1.0,0,1
1,1,2,0,0,2,3904.91,0.0,223.39499999999998,360.0,0.0,0,0
1,1,0,0,0,2,1673.17,0.0,80.99,300.0,1.0,1,1
0,0,0,1,1,3,5008.75,2429.93,327.47,360.0,0.0,2,0
1,1,0,1,1,3,3421.29,2824.93,251.6,180.0,1.0,1,1
1,0,0,0,0,2,3116.06,0.0,164.33,360.0,1.0,2,1
1,0,0,1,0,2,500.0,466.1,75.92,240.0,1.0,1,1
0,0,0,0,1,0,7814.95,4076.97,467.7,360.0,1.0,0,1
1,0,0,0,0,2,5402.06,0.0,260.0,360.0,0.0,1,0
1,1,3,0,0,2,2452.88,137.47,37.12,300.0,1.0,2,1
1,1,3,0,0,2,4791.1,1259.09,213.43,240.0,1.0,0,1
0,0,0,1,0,2,2623.62,3406.39,234.55,300.0,1.0,2,1
0,1,0,0,0,2,6345.45,3886.79,438.39,180.0,1.0,0,1
1,0,0,0,0,2,4240.8,0.0,226.09,360.0,1.0,0,1
1,0,1,0,1,3,4879.16,0.0,166.55,120.0,1.0,2,1
1,1,0,1,0,2,3809.21,4092.43,4950.37,240.0,0.0,0,0
1,1,0,0,1,0,11539.01,0.0,506.51,180.0,1.0,1,1
1,0,0,1,1,0,5899.5,0.0,267.28,120.0,1.0,1,1
1,0,0,0,0,2,4293.97,0.0,186.86,240.0,1.0,1,1
1,0,1,0,0,2,4406.46,0.0,172.92,360.0,1.0,0,1
0,1,0,0,0,2,2701.06,0.0,81.57,300.0,1.0,1,1
0,1,0,0,1,3,2474.52,0.0,132.1,120.0,1.0,2,1
1,1,0,0,1,3,7309.3,0.0,297.87,180.0,0.0,0,0
0,1,1,0,0,2,3082.37,5473.08,308.1,300.0,0.0,1,1
1,0,0,0,0,2,4752.25,0.0,203.05,120.0,1.0,0,1
1,0,0,0,1,0,3675.41,0.0,150.17,360.0,1.0,1,1
0,0,0,0,0,2,7671.64,0.0,308.38,180.0,1.0,2,1
1,1,1,0,1,0,8326.5,0.0,381.85,300.0,1.0,2,1
0,1,2,1,0,2,4318.31,0.0,181.67,180.0,1.0,1,1
0,1,2,0,0,2,6156.21,0.0,229.51,240.0,0.0,0,0
0,0,0,0,0,2,5341.04,0.0,171.32,120.0,0.0,2,0
1,1,3,0,0,2,7761.58,0.0,377.04,300.0,1.0,0,1
1,1,2,0,0,2,4445.01,0.0,161.16,120.0,1.0,0,1
1,1,0,1,1,0,1977.94,0.0,102.39,360.0,1.0,2,1
1,1,0,1,1,3,2376.93,4786.58,302.34,360.0,1.0,1,1
1,1,0,0,1,3,3966.09,4422.25,345.82,180.0,0.0,0,0
1,1,0,0,1,3,1747.14,2687.74,206.45,300.0,1.0,0,1
0,0,0,0,1,1,4878.37,3065.05,296.92,120.0,0.0,1,1
0,1,0,0,1,3,1944.64,0.0,118.67,300.0,0.0,1,0
1,1,0,0,1,0,4618.07,0.0,176.86,120.0,1.0,1,1
1,1,1,0,1,3,4993.62,0.0,223.0,360.0,1.0,0,1
1,1,0,1,0,4,1556.33,1650.47,117.61,300.0,1.0,0,0
0,1,1,1,1,1,3250.89,1674.4,225.34,240.0,1.0,2,1
1,0,1,0,0,2,5844.25,1775.41,256.43,360.0,0.0,0,0
1,0,0,1,0,2,1706.67,0.0,56.7,180.0,1.0,2,1
1,1,0,0,1,3,1444.0,2131.47,171.87,180.0,0.0,0,0
1,1,0,1,1,1,1864.1,3309.12,234.64,300.0,1.0,1,1
1,1,2,1,0,2,2303.52,0.0,139.33,180.0,1.0,1,1
1,0,2,1,1,1,3501.59,835.04,192.68,240.0,1.0,2,1
1,1,1,0,0,2,4368.86,3982.98,223.39499999999998,240.0,1.0,0,1
1,1,1,0,0,2,3406.43,0.0,179.58,120.0,1.0,2,1
1,1,2,0,0,2,3048.02,368.42,130.64,360.0,1.0,2,1
0,1,2,1,1,3,4258.83,0.0,163.28,240.0,1.0,1,1
0,1,0,0,0,2,3675.24,2862.05,214.08,180.0,1.0,1,1
0,1,2,0,1,0,6717.09,0.0,240.98,360.0,1.0,2,1
1,1,0,1,0,2,1175.53,1378.87,148.1,360.0,1.0,0,1
0,1,0,0,1,3,5010.77,3176.82,359.46,180.0,0.0,0,0
1,1,1,0,1,3,4378.27,5217.96,396.38,120.0,1.0,1,1
1,0,0,0,1,0,7234.65,1804.61,360.51,240.0,1.0,0,1
0,1,2,0,0,4,1347.24,1603.06,85.31,240.0,1.0,1,0
1,0,0,0,1,1,3161.38,0.0,157.01,240.0,1.0,1,1
1,1,0,0,0,2,2769.06,0.0,120.36,240.0,1.0,1,1
1,1,0,0,1,1,2840.3,0.0,114.01,240.0,1.0,1,1
0,1,2,1,0,2,3933.61,0.0,155.66,300.0,1.0,1,1
1,1,0,0,1,0,6968.52,1922.51,338.88,300.0,1.0,2,0
1,0,0,0,1,3,5926.63,0.0,238.31,120.0,1.0,0,1
1,1,3,1,0,2,5095.61,0.0,223.71,300.0,0.0,1,1
1,0,2,1,0,2,2392.35,606.43,156.73,240.0,0.0,0,0
0,1,1,0,0,4,2599.05,1091.8,104.25,120.0,1.0,0,1
1,1,0,0,1,0,4149.32,0.0,184.16,240.0,1.0,2,1
1,0,0,0,0,2,4525.25,0.0,171.8,120.0,1.0,2,1
0,1,0,0,1,1,3789.77,1689.47,210.18,360.0,1.0,1,1
0,1,1,1,1,0,4922.86,3905.8,265.1,300.0,1.0,1,1
1,0,1,0,0,2,3917.45,0.0,126.29,180.0,1.0,2,1
1,0,2,0,1,3,6905.29,2674.07,427.24,300.0,1.0,0,1
0,1,1,0,1,1,4634.96,0.0,169.85,360.0,1.0,0,1
1,1,2,1,1,0,3374.55,769.01,130.98,120.0,0.0,0,0
1,1,0,1,0,2,3079.93,4077.31,282.78,180.0,1.0,1,1
1,1,1,0,1,0,1231.26,1525.32,223.39499999999998,240.0,1.0,0,1
1,0,1,0,0,2,3312.54,2366.04,235.15,300.0,1.0,2,1
1,1,2,0,1,3,3334.56,736.63,194.07,360.0,1.0,1,1
1,0,0,1,1,3,2268.82,0.0,56.16,180.0,1.0,0,1
1,1,0,1,0,2,3407.63,3112.81,235.97,300.0,1.0,2,1
0,1,2,0,0,1,5471.86,952.61,302.34,120.0,1.0,2,1
1,0,1,0,0,4,1534.73,3536.41,157.46,300.0,0.0,1,0
1,1,0,1,1,0,4019.86,1921.23,267.67,120.0,0.0,2,0
1,0,2,0,1,0,8621.18,1437.71,372.7,180.0,1.0,1,1
1,1,1,0,0,2,4344.23,559.09,2978.14,360.0,1.0,2,1
1,1,1,1,1,3,2552.33,6615.9,223.39499999999998,300.0,1.0,1,1
1,1,0,0,1,1,2397.32,3392.64,227.82,300.0,1.0,1,1
1,1,2,0,0,2,7634.43,0.0,223.39499999999998,300.0,0.0,2,0
1,0,1,1,0,2,3996.23,0.0,159.74,240.0,1.0,2,1
1,0,1,0,0,4,1503.92,393.11,30.61,240.0,0.0,0,0
1,1,1,1,1,3,3340.14,0.0,57.72,300.0,1.0,2,0
0,0,1,0,0,4,2394.2,0.0,105.79,240.0,1.0,0,1
1,0,0,0,0,2,5806.21,0.0,223.39499999999998,240.0,1.0,0,1
1,0,1,0,0,2,6219.37,1547.93,365.32,300.0,1.0,2,1
1,1,3,0,1,3,6181.13,1316.19,316.9,120.0,1.0,1,1
1,1,1,0,1,1,1627.76,0.0,64.59,360.0,1.0,1,1
1,1,1,0,1,3,6234.39,2980.36,341.91,240.0,1.0,0,1
1,1,2,0,0,2,1358.39,0.0,26.1,180.0,1.0,1,1
1,0,1,0,0,2,3962.97,3210.34,314.94,240.0,1.0,0,1
1,1,0,1,0,2,3248.51,238.35,130.45,360.0,1.0,0,1
0,1,2,0,0,2,5490.67,4333.0,223.39499999999998,360.0,1.0,0,1
1,1,2,0,0,2,7021.37,4937.86,507.57,240.0,1.0,0,1
1,1,2,0,0,2,4704.89,1743.45,237.01,360.0,0.0,2,0
1,1,0,0,0,3,5508.43,4007.88,359.78,180.0,1.0,2,1
0,1,3,0,0,2,6244.46,0.0,243.38,120.0,1.0,2,1
1,0,2,1,1,1,3230.07,0.0,96.11,240.0,1.0,1,1
1,1,0,0,1,1,4567.79,0.0,190.59,300.0,1.0,0,1
1,1,0,0,1,3,8590.43,2947.28,446.09,120.0,1.0,0,1
1,1,0,0,0,2,3630.16,3026.97,269.62,240.0,1.0,1,1
1,1,0,0,1,3,6573.77,0.0,267.66,180.0,1.0,2,1
1,1,2,0,0,2,4124.97,0.0,190.56,240.0,1.0,2,1
1,1,0,1,0,2,5675.28,3023.83,393.53,300.0,1.0,2,1
1,0,0,0,1,3,2589.99,0.0,93.09,240.0,1.0,1,1
0,0,1,0,1,0,6681.81,248.51,269.33,240.0,0.0,0,0
0,1,2,0,0,3,5718.04,0.0,207.0,240.0,1.0,0,1
1,0,0,0,0,2,4518.2,1580.19,273.0,300.0,1.0,0,1
1,0,1,0,1,3,2173.39,0.0,122.27,120.0,0.0,0,0
1,1,1,0,0,2,5912.57,0.0,237.76,120.0,1.0,1,1
0,1,3,0,0,2,2689.61,2669.98,206.1,360.0,1.0,2,1
1,1,1,0,0,2,1420.1,2191.2,137.41,120.0,1.0,1,1
1,0,0,0,0,2,5253.65,0.0,234.93,300.0,1.0,1,1
1,1,0,0,1,1,6925.33,1553.47,355.71,360.0,1.0,1,1
0,1,2,0,1,1,4015.36,0.0,134.28,180.0,1.0,0,1
1,1,3,1,0,2,4213.1,0.0,146.07,180.0,0.0,0,0
1,1,0,0,0,2,5969.69,4454.05,418.09,240.0,0.0,2,0
1,1,2,0,1,3,5561.92,0.0,242.43,360.0,0.0,1,0
1,1,0,1,0,2,3086.96,0.0,134.87,240.0,1.0,2,0
1,1,2,0,1,3,4677.21,0.0,201.61,360.0,1.0,0,1
1,1,0,0,0,4,1012.93,0.0,71.6,240.0,1.0,2,1
1,0,0,1,1,3,3179.58,3653.4,270.73,240.0,0.0,1,0
1,1,0,0,0,2,4506.8,5195.16,410.63,360.0,1.0,1,1
1,1,1,0,0,2,3944.92,3532.64,336.08,360.0,1.0,1,1
1,1,0,0,1,0,8754.62,1182.84,389.59,180.0,0.0,2,0
0,1,2,0,0,2,5517.97,4334.75,440.94,240.0,1.0,2,1
1,1,2,0,1,3,7496.84,0.0,258.83,240.0,1.0,2,1
1,0,0,0,1,0,4684.03,0.0,159.43,120.0,1.0,2,1
1,0,0,0,1,3,4180.71,3611.24,310.8,360.0,0.0,1,1
1,1,1,0,0,2,3920.38,0.0,120.85,240.0,1.0,2,1
1,0,2,0,0,0,9675.81,0.0,445.28,360.0,1.0,1,1
1,1,2,0,1,3,4245.23,0.0,213.59,240.0,1.0,1,1
1,1,0,0,0,2,4212.14,1280.5,198.87,180.0,0.0,0,0
1,0,2,0,0,2,5424.13,3075.27,383.93,360.0,1.0,2,1
1,1,1,0,1,0,5700.52,3748.83,376.12,120.0,1.0,2,1
1,0,2,1,0,2,2329.6,816.4,129.19,180.0,0.0,1,0
1,1,1,0,1,1,2667.06,2635.98,232.97,300.0,1.0,2,0
0,1,0,1,1,1,2970.73,0.0,82.69,360.0,0.0,2,0
1,1,1,0,0,2,2869.85,0.0,98.78,300.0,1.0,0,1
1,1,0,0,0,2,6108.11,0.0,182.24,120.0,1.0,2,1
1,0,0,0,0,2,3358.31,3942.63,276.84,240.0,1.0,2,1
1,1,1,1,0,2,3405.1,3188.51,266.55,120.0,1.0,1,1
1,0,2,0,0,2,4324.48,1764.78,230.59,240.0,1.0,2,1
1,1,0,0,0,2,4139.56,2447.19,223.39499999999998,360.0,1.0,0,1
1,1,0,0,0,2,6033.05,2751.17,349.8,360.0,1.0,2,1
0,0,0,0,0,2,2926.87,0.0,88.54,180.0,1.0,2,1
1,0,0,0,0,2,5559.82,3128.91,313.72,300.0,1.0,1,1
1,1,2,0,1,3,2727.98,3292.18,244.27,360.0,1.0,1,1
1,1,2,0,1,3,2802.5,2448.33,174.53,120.0,1.0,1,1
1,1,0,0,0,2,5347.26,0.0,223.39499999999998,180.0,1.0,2,1
1,0,1,0,0,4,1473.5,3030.42,146.76,360.0,1.0,0,1
0,0,1,1,1,0,4971.94,3071.07,348.39,180.0,1.0,2,1
1,1,0,0,0,2,4284.75,0.0,217.82,120.0,1.0,2,1
0,1,0,0,0,2,4932.81,0.0,192.6,240.0,1.0,0,1
1,1,0,0,1,1,3829.06,2858.76,246.96,360.0,1.0,1,1
0,1,2,0,0,2,7533.91,0.0,283.28,240.0,1.0,2,1
1,1,1,0,0,2,1566.32,266.81,124.9,120.0,1.0,2,1
1,1,0,1,1,0,5928.3,3117.04,397.62,300.0,1.0,2,1
1,0,0,0,1,0,9376.81,2124.59,479.25,180.0,1.0,0,1
1,1,0,0,1,1,4156.76,5008.74,223.39499999999998,120.0,0.0,2,0
1,1,2,1,0,2,5211.17,447.17,224.32,120.0,0.0,1,0
0,0,3,0,1,1,5137.67,2377.99,326.83,240.0,1.0,2,1
1,1,0,0,0,2,7017.12,3207.74,441.34,300.0,1.0,0,1
1,0,2,0,0,2,6387.68,0.0,235.99,240.0,1.0,2,1
1,1,1,0,1,0,6403.89,0.0,306.54,240.0,1.0,1,1
1,1,0,0,0,2,2324.07,0.0,76.47,120.0,1.0,0,1
1,1,2,0,0,2,5753.65,0.0,230.9,180.0,1.0,1,1
1,1,1,1,0,2,529068.48,4074.59,206.88,360.0,1.0,1,1
1,1,1,0,1,0,7275.06,3101.9,449.03,240.0,0.0,0,0
0,1,0,0,0,2,4525.37,2825.95,341.29,360.0,0.0,0,0
0,1,3,1,0,2,1787.68,0.0,40.51,240.0,0.0,0,0
0,1,0,0,0,2,5106.87,2437.1,274.29,120.0,1.0,1,1
1,0,3,1,0,2,3317.86,0.0,99.15,240.0,1.0,2,1
1,0,0,0,0,2,2890.18,2070.96,223.39499999999998,180.0,1.0,1,1
1,1,2,0,0,2,6885.23,0.0,262.07,300.0,1.0,2,0
1,0,3,0,1,0,5242.12,0.0,223.51,360.0,1.0,1,1
1,1,3,1,1,0,7763.01,1976.03,398.73,180.0,1.0,2,1
1,1,2,0,1,3,4469.76,496.97,205.96,360.0,1.0,1,1
1,1,0,0,0,2,5415.2,0.0,170.2,300.0,1.0,2,1
1,1,1,0,0,2,7519.95,1417.71,355.9,300.0,0.0,1,1
1,1,0,0,0,4,1927.9,168.0,77.6,240.0,1.0,0,0
0,1,3,0,0,2,3673.65,3954.71,303.84,240.0,1.0,2,1
1,0,0,0,1,1,6369.43,2621.31,433.66,180.0,0.0,1,0
1,1,1,0,1,3,2793.88,0.0,131.21,300.0,1.0,1,1
0,0,0,0,1,3,2577.67,0.0,99.31,120.0,0.0,2,0
1,1,0,0,1,3,5276.8,0.0,229.69,300.0,0.0,1,0
1,1,2,1,0,2,3461.82,2360.53,223.39499999999998,360.0,1.0,1,1
1,0,0,1,0,2,3828.3,0.0,161.39,180.0,1.0,2,1
1,1,0,1,1,0,4099.51,579.13,208.15,360.0,1.0,1,1
1,0,0,1,0,2,624422.16,0.0,74.83,360.0,1.0,1,1
1,0,1,0,0,2,7376.04,1547.16,348.47,300.0,1.0,2,1
1,0,2,0,0,2,4129.34,3460.47,281.16,360.0,0.0,1,1
1,1,1,0,0,2,4978.75,0.0,187.91,120.0,1.0,2,1
1,1,0,0,0,2,6189.33,1753.92,352.08,120.0,0.0,0,0
1,1,0,0,0,2,3618.79,0.0,110.6,360.0,1.0,2,1
1,0,3,1,1,0,3820.12,0.0,77.42,300.0,1.0,1,1
1,1,2,1,0,1,3188.11,0.0,123.47,180.0,1.0,1,1
1,1,0,0,0,2,7113.8,1243.44,330.39,120.0,0.0,2,1
0,1,0,0,0,2,3285.5,535.89,120.69,180.0,1.0,2,1
1,1,0,0,0,2,3936.21,0.0,223.39499999999998,180.0,1.0,0,1
1,1,0,0,1,1,5646.81,13.78,270.41,180.0,1.0,1,1
1,1,0,0,1,3,6297.46,0.0,208.72,180.0,0.0,0,0
1,1,0,0,1,3,3137.74,4537.51,293.21,120.0,1.0,2,1
1,1,2,0,0,2,6530.66,0.0,260.85,240.0,1.0,2,1
1,1,1,0,0,2,5260.22,0.0,199.67,180.0,1.0,1,1
1,1,0,0,0,2,3759.15,4885.69,223.39499999999998,360.0,1.0,0,1
1,1,1,0,1,1,4622.51,0.0,186.38,180.0,1.0,2,1
1,1,1,0,0,2,5657.91,5201.55,433.3,180.0,1.0,1,1
1,1,2,0,0,2,4256.94,3581.56,319.92,300.0,1.0,0,1
1,1,1,0,0,2,3294.91,0.0,144.65,240.0,1.0,2,1
1,1,0,0,1,0,8509.17,0.0,313.47,240.0,0.0,2,0
1,1,1,0,0,2,5788.7,0.0,274.61,180.0,1.0,0,1
1,1,1,0,0,2,7898.94,4838.6,518.08,240.0,0.0,1,0
1,0,3,0,0,2,4724.12,0.0,179.25,360.0,1.0,2,1
1,0,0,1,0,2,2898.85,1905.21,161.52,240.0,1.0,0,1
0,1,0,0,1,0,6094.52,684.4,290.41,180.0,0.0,0,0
1,1,2,0,0,2,4339.42,0.0,182.96,180.0,0.0,2,1
1,0,0,0,0,2,4075.17,2816.52,312.12,300.0,1.0,2,1
1,1,0,0,1,3,6059.25,0.0,255.14,300.0,1.0,0,1
0,0,0,0,0,2,3168.11,410.06,139.7,240.0,0.0,2,0
1,0,0,0,0,2,3339.43,1937.45,223.39499999999998,300.0,0.0,1,0
1,1,2,0,1,0,4598.45,2556.11,330.21,240.0,1.0,1,1
0,1,0,0,1,0,7064.61,3435.05,434.84,240.0,1.0,0,0
0,1,0,0,0,2,5343.92,2615.56,320.6,180.0,1.0,0,1
1,1,3,0,0,2,8178.92,0.0,365.37,180.0,1.0,2,1
0,0,1,1,1,0,6589.36,0.0,270.23,240.0,1.0,2,1
1,0,0,0,0,2,7359.86,0.0,300.02,180.0,0.0,2,1
1,0,0,1,1,1,3519.63,0.0,186.38,180.0,1.0,1,1
1,1,3,0,1,3,7120.22,0.0,271.92,180.0,1.0,0,1
0,0,3,0,1,0,9165.99,1215.74,437.87,360.0,1.0,0,1
1,1,2,1,0,4,741.67,3679.82,151.26,360.0,1.0,2,1
1,0,1,1,0,2,2756.17,0.0,93.76,240.0,1.0,1,0
0,1,0,0,0,2,3976.94,1267.15,182.48,300.0,1.0,2,1
1,1,2,0,0,2,3688.47,0.0,136.24,360.0,1.0,0,1
1,0,3,0,1,0,4197.92,0.0,102.86,120.0,1.0,2,1
0,0,3,1,0,2,2606.85,3693.82,220.31,120.0,1.0,2,1
0,0,0,0,1,3,6432.99,1582.51,251.76,120.0,1.0,1,1
1,0,1,0,0,2,6406.14,0.0,223.39499999999998,240.0,1.0,2,1
0,1,2,1,0,2,3606.56,1349.64,151.22,240.0,1.0,0,1
1,0,0,0,1,3,4893.95,0.0,205.74,240.0,1.0,2,1
1,1,0,1,0,4,1048.1,3824.17,208.66,360.0,1.0,0,0
1,1,0,1,1,3,2159.62,1881.33,201.17,300.0,1.0,1,1
1,1,0,1,0,2,4104.28,0.0,207.31,120.0,1.0,1,1
1,1,0,1,1,3,2943.65,0.0,111.22,180.0,1.0,2,1
0,1,3,1,1,3,1112.01,2855.03,152.91,360.0,1.0,0,1
1,1,0,1,1,3,1586.12,1764.03,135.13,180.0,0.0,0,0
1,1,0,1,1,3,2822.54,3260.83,234.61,240.0,1.0,0,1
1,0,2,0,0,2,5031.65,0.0,213.8,360.0,1.0,0,1
1,0,0,0,0,2,2700.4,2143.73,196.52,240.0,1.0,1,1
1,1,0,0,0,2,5389.0,0.0,196.86,300.0,1.0,2,1
0,1,2,1,1,1,4192.22,0.0,170.96,240.0,1.0,2,1
1,0,0,0,1,0,9019.3,2517.67,436.07,300.0,0.0,0,0
0,0,1,0,1,3,2879.66,0.0,141.71,120.0,1.0,2,1
1,1,0,0,0,2,3446.18,0.0,140.25,240.0,1.0,1,0
1,1,0,0,0,2,5236.04,0.0,239.92,120.0,1.0,1,1
1,1,0,0,0,2,6930.58,4372.15,401.8,360.0,1.0,0,1
1,0,3,0,1,0,8697.84,1926.71,440.74,300.0,1.0,2,1
1,0,0,0,1,0,9040.47,0.0,223.39499999999998,240.0,0.0,1,0
1,1,0,0,0,2,6069.92,3545.44,366.35,120.0,0.0,1,1
1,1,2,1,1,0,4129.93,2744.28,293.38,360.0,1.0,1,1
0,1,2,0,0,2,5902.01,1327.99,311.79,360.0,1.0,1,1
1,0,0,0,0,4,500.0,0.0,10.0,300.0,1.0,0,1
1,1,0,0,1,3,6303.82,0.0,239.59,120.0,1.0,2,1
1,1,2,0,0,2,6031.97,2435.13,369.91,180.0,1.0,2,1
1,0,0,1,1,1,3429.21,0.0,124.07,300.0,1.0,1,1
0,1,0,1,1,3,912.03,0.0,100.22,180.0,1.0,1,1
1,1,1,0,0,2,4463.03,2530.09,293.1,120.0,1.0,0,1
0,1,0,1,1,3,3870.5,1896.02,219.58,300.0,1.0,0,1
1,1,0,0,0,2,3710.7,0.0,108.55,120.0,1.0,0,1
1,0,0,1,0,2,1698.38,1589.95,129.24,360.0,0.0,0,0
0,1,1,0,0,2,4803.42,0.0,256.27,300.0,0.0,2,0
1,0,0,1,1,1,4933.19,1466.16,276.73,240.0,0.0,0,0
1,1,0,0,0,2,5719.02,0.0,215.27,180.0,1.0,0,1
0,0,2,0,0,2,3427.53,0.0,157.73,120.0,1.0,0,1
1,0,1,0,0,4,1121.78,0.0,67.07,300.0,0.0,0,0
1,1,1,0,0,2,4816.63,1575.44,317.8,300.0,0.0,1,0
1,1,0,1,0,2,4840.3,2790.15,271.59,180.0,1.0,1,1
0,1,0,0,1,3,2491.97,0.0,95.81,360.0,0.0,1,0
1,1,0,0,0,2,2916.43,0.0,50.75,240.0,1.0,1,1
1,0,2,0,1,0,5546.25,2122.23,308.16,120.0,1.0,1,1
1,0,2,0,1,0,4799.2,0.0,170.45,180.0,1.0,0,1
1,1,0,0,0,2,6961.14,0.0,280.81,120.0,0.0,1,0
0,1,3,0,0,2,5827.38,0.0,228.23,300.0,1.0,1,1
1,1,0,0,0,2,3674.13,393495.77,199.03,240.0,1.0,2,1
1,1,0,0,1,0,9392.02,0.0,404.69,360.0,1.0,0,1
0,1,1,0,0,2,6441.26,0.0,189.84,240.0,1.0,0,1
0,1,2,0,1,3,5685.2,0.0,244.1,180.0,1.0,1,1
0,1,0,0,1,0,7182.11,3855.04,435.49,180.0,1.0,2,1
1,1,0,1,1,0,5505.58,0.0,224.38,300.0,1.0,1,1
1,1,1,0,0,2,7028.36,6784.93,577.39,300.0,0.0,0,0
1,0,0,0,0,2,3253.66,3963.14,268.55,240.0,0.0,2,0
1,0,2,1,0,2,1537.39,0.0,14.23,300.0,1.0,1,1
1,1,0,0,1,0,4198.81,0.0,205.99,120.0,1.0,1,1
1,1,0,0,1,3,4959.85,0.0,177.65,180.0,1.0,1,1
1,1,0,0,0,2,2314.65,1348.72,120.24,360.0,0.0,1,0
0,1,0,1,0,2,4577.2,0.0,223.39499999999998,240.0,1.0,1,1
1,1,0,1,0,2,2634.99,3071.09,216.16,180.0,1.0,0,1
1,0,1,1,1,3,5070.01,0.0,220.46,300.0,0.0,0,0
1,0,2,0,0,4,2391.46,0.0,107.15,360.0,1.0,0,1
1,1,0,0,0,2,3144.94,4574.14,331.19,180.0,0.0,0,0
1,0,2,1,0,2,1101.82,0.0,20.16,360.0,0.0,1,0
0,1,0,0,1,3,5647.98,0.0,217.39,240.0,1.0,0,1
1,1,0,1,0,2,1983.03,0.0,132.57,120.0,1.0,1,1
0,1,0,0,1,0,5909.43,0.0,241.25,300.0,1.0,2,1
1,1,0,1,1,0,5639.99,3929.63,395.43,120.0,1.0,1,1
1,1,2,0,0,2,857.76,1493.51,107.83,300.0,1.0,0,1
1,0,0,0,0,2,2849.02,2022.84,223.39499999999998,120.0,1.0,0,1
1,0,0,0,0,2,3820.91,3614.42,295.79,120.0,1.0,0,1
1,0,0,0,1,1,5246.92,0.0,275.12,120.0,1.0,0,1
1,1,1,0,1,0,9479.58,5691.71,571.11,360.0,0.0,2,0
1,0,3,0,0,2,4888.51,3212.49,321.05,300.0,1.0,0,1
1,1,0,0,0,2,5551.59,0.0,245.18,240.0,0.0,1,0
0,1,0,0,0,2,3893.2,4039.55,259.95,360.0,1.0,1,1
1,1,0,1,1,0,1714.86,2762.34,156.58,360.0,1.0,0,0
1,1,1,0,0,2,1939.28,459.43,109.22,360.0,0.0,0,0
1,1,2,0,0,2,4070.12,2902.98,308.16,240.0,1.0,2,1
1,0,0,0,0,2,6796.76,1246.31,330.31,240.0,1.0,1,1
1,0,1,0,1,1,4940.94,2836.15,319.98,360.0,1.0,0,1
1,0,0,0,1,3,1412.36,1388.26,113.74,180.0,1.0,2,1
1,1,0,1,1,1,3323.65,2594.91,300.82,240.0,1.0,0,0
1,0,2,0,1,0,6928.11,0.0,229.14,300.0,0.0,2,0
1,1,0,0,0,2,6166.71,0.0,264.91,180.0,1.0,0,1
0,1,1,0,0,2,5010.52,0.0,190.51,120.0,0.0,2,0
1,1,1,0,0,4,1655.27,0.0,46.97,240.0,1.0,1,1
0,1,2,0,0,2,5865.4,0.0,244.67,240.0,0.0,0,0
1,1,0,1,0,2,4329.7,0.0,151.39,120.0,1.0,0,1
0,1,0,0,0,4,1757.29,1902.34,105.63,240.0,1.0,1,1
1,1,2,1,0,4,1203.37,2890.22,250.84,360.0,1.0,2,0
1,1,0,1,0,2,3059.29,1120.44,146.14,300.0,0.0,0,0
1,1,0,0,0,2,8515.71,4568.65,502.23,300.0,0.0,1,0
1,1,1,1,0,2,4417.65,2872.85,370.05,300.0,1.0,1,1
0,0,2,1,1,3,3331.6,3150.05,266.59,120.0,0.0,0,0
1,1,0,0,0,2,3856.97,322.4,185.05,360.0,1.0,2,1
1,1,1,1,0,2,4233.46,622.66,210.53,300.0,1.0,2,1
1,0,1,0,0,2,2322.41,1123.7,107.94,180.0,1.0,1,1
0,1,0,0,1,0,10217.51,0.0,415.59,240.0,1.0,0,1
0,1,1,0,1,1,6448.7,1937.06,330.44,360.0,0.0,1,0
1,0,0,1,1,0,1332.82,0.0,20.69,240.0,1.0,1,1
1,1,2,0,0,2,6474.06,0.0,242.44,180.0,1.0,1,1
1,1,2,0,0,2,4654.64,0.0,233.73,180.0,1.0,1,1
0,0,1,0,0,4,900.72,0.0,223.39499999999998,120.0,1.0,2,1
1,0,2,0,0,2,998.6,815.29,84.95,180.0,1.0,2,0
1,0,0,1,1,3,3502.5,2869.85,259.69,180.0,1.0,0,1
1,0,0,1,0,2,2948.75,2520.13,190.24,120.0,0.0,2,0
1,0,0,0,0,0,3203.84,1315.13,187.32,240.0,1.0,1,1
1,1,0,0,1,3,5482.17,0.0,209.25,360.0,1.0,1,1
1,1,2,0,1,3,5076.64,2043.73,256.89,360.0,1.0,2,1
1,0,0,0,1,3,3396.24,0.0,177.06,360.0,0.0,2,0
1,1,2,0,0,2,3324.22,0.0,131.89,120.0,0.0,2,0
1,0,0,0,0,2,2886.68,0.0,33.44,240.0,1.0,1,1
1,1,0,0,1,3,11501.86,258.25,223.39499999999998,240.0,1.0,1,1
1,1,0,0,0,2,4365.17,1958.42,262.83,120.0,1.0,2,0
0,1,1,0,0,3,5234.05,0.0,277.95,360.0,1.0,0,1
1,0,0,1,1,3,2943.48,0.0,147.59,300.0,1.0,2,1
1,1,0,0,1,0,5748.78,0.0,206.75,300.0,1.0,2,0
1,0,3,0,0,2,5249.98,0.0,184.58,240.0,1.0,1,1
1,1,2,1,0,2,4153.95,0.0,192.82,240.0,1.0,1,1
0,1,2,1,0,2,4096.0,13.41,153.57,300.0,0.0,0,0
1,1,1,1,0,2,3999.07,2385.26,285.75,240.0,0.0,1,0
1,1,3,1,1,0,3779.95,4712.79,390.88,360.0,1.0,1,1
1,1,0,0,0,2,2436.52,0.0,156.39,240.0,1.0,2,0
0,0,0,0,1,3,1499.58,0.0,52.08,300.0,1.0,0,1
1,1,0,0,1,0,5625.81,3936.01,454.61,180.0,1.0,2,1
1,0,0,0,0,2,2662.93,0.0,83.81,180.0,0.0,0,0
1,1,0,1,0,2,3553.11,4089.89,257.28,120.0,0.0,2,0
1,1,3,0,1,3,5338.88,3064.14,308.25,180.0,1.0,2,1
0,1,2,1,1,3,4349.71,2946.46,306.34,300.0,1.0,1,1
1,0,2,0,0,2,5903.37,3816.53,327.49,240.0,1.0,2,1
1,1,0,0,0,2,8203.41,1871.71,455.7,240.0,1.0,2,1
1,1,0,1,0,2,4579.19,2783.72,325.85,360.0,0.0,1,1
1,1,2,1,0,2,2814.48,1379.27,190.8,360.0,1.0,0,1
1,1,0,1,0,2,1774.85,5544.1,313.94,120.0,1.0,1,1
1,1,0,0,0,2,2820.31,4117.09,327.1,240.0,1.0,0,1
1,1,3,0,0,2,2706.18,0.0,95.89,240.0,1.0,0,1
1,1,1,0,1,3,3122.38,0.0,118.86,180.0,1.0,2,0
1,1,1,0,0,2,5349.04,2016.76,254.38,240.0,1.0,1,1
0,0,0,0,1,0,737854.94,1396.57,261.15,120.0,1.0,0,1
1,1,0,1,1,3,3893.34,3724.19,322.34,360.0,1.0,2,1
1,1,0,0,1,0,8892.9,0.0,315.33,120.0,1.0,2,1
0,1,1,0,0,2,8715.0,0.0,334.28,300.0,1.0,2,1
1,1,0,0,1,3,3251.91,2552.45,232.45,300.0,0.0,2,0
1,1,0,0,0,2,5769.37,4825.4,446.75,300.0,1.0,2,1
1,0,0,0,0,2,4893.69,378.66,195.92,240.0,1.0,1,1
1,0,2,1,0,2,4269.73,267.11,192.93,180.0,0.0,1,0
1,1,3,1,1,1,4055.14,2372.63,306.71,300.0,1.0,1,1
0,1,1,0,1,0,6187.8,0.0,223.54,180.0,1.0,0,1
1,0,0,0,1,0,7332.31,803.4,280.81,360.0,1.0,1,1
1,0,0,0,1,3,3819.52,3178.95,238.31,240.0,0.0,1,0
1,0,0,0,1,3,4004.43,1795.59,227.38,180.0,0.0,1,0
1,1,0,1,0,2,3402.2,0.0,152.42,240.0,1.0,1,1
0,1,3,1,0,2,3628.61,2793.93,256.09,360.0,1.0,0,1
1,1,0,0,1,3,3875.69,3891.26,303.23,240.0,1.0,2,1
1,0,2,0,0,2,5469.8,2313.25,276.68,240.0,1.0,1,1
1,1,0,0,1,0,4028.77,2650.56,233.21,180.0,1.0,2,1
1,0,1,0,0,2,7919.62,1480.55,223.39499999999998,300.0,1.0,0,1
0,1,0,0,1,0,13753.58,2242.25,634.51,180.0,1.0,2,1
1,1,1,0,0,2,4208.55,2993.13,3108.56,360.0,1.0,2,1
1,1,3,0,1,0,8301.13,4013.05,486.03,240.0,1.0,1,1
1,0,0,0,0,2,1614.75,3541.95,248.88,300.0,1.0,2,1
1,1,1,0,0,2,4115.94,3207.44,312.46,300.0,1.0,2,1
1,1,0,0,0,2,3667.2,1427.27,185.12,360.0,1.0,2,1
1,1,0,0,1,3,3850.79,2531.57,250.57,240.0,1.0,2,1
1,1,3,0,0,2,6589.44,0.0,298.83,300.0,1.0,1,1
1,1,0,1,0,2,500.0,0.0,10.68,360.0,1.0,1,1
1,1,0,1,1,0,9005.0,3418.88,472.73,120.0,1.0,1,1
0,1,0,0,0,2,6187.94,2572.92,223.39499999999998,180.0,1.0,2,1
1,1,0,0,0,2,5007.37,126.72,161.15,240.0,1.0,1,1
1,1,0,1,0,2,2356.11,0.0,107.2,360.0,1.0,2,0
0,1,2,1,1,3,3313.53,0.0,143.7,300.0,0.0,1,0
0,1,0,0,0,2,4727.85,991.03,211.88,120.0,1.0,0,1
0,1,3,0,0,2,1505.78,0.0,64.87,300.0,1.0,2,1
0,1,3,0,1,1,5199.16,222909.88,224.14,240.0,1.0,1,1
1,1,0,0,0,2,6593.28,3364.52,419.14,360.0,1.0,0,1
1,1,0,0,0,2,4627.16,581.56,182.59,360.0,1.0,0,1
1,0,0,0,0,2,4573.69,0.0,211.96,180.0,1.0,2,1
0,1,1,0,0,2,4227.22,0.0,150.42,120.0,1.0,2,1
0,1,0,0,1,3,6984.55,0.0,257.29,300.0,0.0,1,0
1,1,0,0,0,2,3697.11,5624.17,330.79,180.0,1.0,0,1
1,1,0,1,0,2,2750.17,4395.31,310.92,240.0,1.0,0,1
1,1,0,0,1,0,5763.22,2652.53,336.85,120.0,1.0,2,1
1,0,0,0,0,2,1858.64,1942.11,153.92,360.0,1.0,0,1
0,0,0,1,0,4,735.22,0.0,10.0,240.0,1.0,1,1
1,0,1,1,1,0,5565.82,0.0,191.81,300.0,0.0,2,0
0,1,0,0,0,4,964.07,2361.14,141.2,240.0,1.0,1,1
1,0,0,0,1,3,2143.69,3524.38,223.28,120.0,0.0,1,0
1,1,0,0,0,2,1204.62,0.0,54.85,360.0,1.0,2,1
1,1,2,0,0,2,4457.95,0.0,217.06,120.0,1.0,1,0
1,1,0,1,1,3,4014.5,2528.45,221.49,180.0,0.0,0,0
1,1,0,0,0,2,4787.96,0.0,163.34,240.0,0.0,2,0
1,1,0,1,0,2,2158.97,3282.61,228.79,120.0,1.0,1,1
1,0,0,0,0,2,7382.47,421458.72,387.38,360.0,1.0,0,1
1,1,2,1,0,2,4163.98,2545.7,292.69,300.0,1.0,1,1
1,0,2,0,1,0,7230.08,0.0,223.39499999999998,120.0,0.0,2,0
1,0,2,0,0,2,5224.8,2811.36,308.3,120.0,0.0,1,1
1,1,0,0,0,2,4074.96,0.0,142.85,240.0,1.0,1,1
1,1,0,0,1,3,2952.51,2781.11,223.39499999999998,120.0,0.0,0,0
1,1,0,0,0,2,3722.29,4146.99,223.39499999999998,180.0,1.0,0,1
1,1,0,0,0,2,3603.62,4598.86,324.17,240.0,1.0,1,1
1,1,1,0,1,3,5061.5,1210.74,263.12,180.0,1.0,2,1
1,0,0,0,0,2,1904.73,0.0,99.53,240.0,1.0,1,1
1,1,0,0,0,4,1473.86,0.0,30.2,360.0,1.0,2,0
0,0,0,0,0,2,6179.18,2981.63,377.93,300.0,0.0,1,0
1,1,0,0,0,2,2885.69,963.59,218.28,360.0,1.0,2,0
1,1,0,1,0,2,1721.67,0.0,90.5,120.0,1.0,2,1
1,0,0,0,0,2,2255.2,2201.55,215.77,300.0,1.0,2,1
1,0,0,0,0,2,3497.95,1627.79,171.84,300.0,1.0,2,1
1,1,3,1,1,3,5626.31,0.0,237.61,120.0,0.0,0,0
1,1,0,1,0,2,5466.93,2367.5,324.92,360.0,0.0,2,0
1,1,0,0,0,2,5749.32,361150.92,312.94,180.0,0.0,1,0
1,0,0,0,1,1,3879.94,2827.99,234.11,240.0,1.0,2,1
0,0,0,1,0,2,1296.64,2745.97,178.11,240.0,1.0,1,0
0,1,0,1,0,2,2298.06,0.0,72.14,240.0,1.0,0,1
1,0,1,0,0,2,2435.94,0.0,112.95,120.0,1.0,1,1
1,0,2,1,1,0,5921.43,0.0,322.68,360.0,1.0,2,1
1,1,0,1,1,0,5209.35,0.0,161.0,240.0,1.0,1,0
1,1,0,1,0,2,1692.38,3655.83,205.44,120.0,1.0,1,1
1,1,0,1,0,2,4036.23,0.0,125.1,240.0,1.0,0,1
0,1,0,0,0,2,4979.26,3604.41,330.37,300.0,1.0,0,1
0,0,1,0,1,0,8419.26,3388.5,460.52,240.0,1.0,1,1
1,0,1,0,1,3,3296.34,0.0,156.1,180.0,1.0,2,1
1,1,2,0,0,2,2233.99,0.0,74.32,240.0,0.0,2,0
1,1,3,0,1,0,4124.38,2512.52,207.57,180.0,1.0,2,1
1,1,0,0,0,2,1415.96,0.0,55.19,360.0,0.0,2,0
1,0,0,0,1,0,1333.49,3944.66,201.53,300.0,0.0,2,0
1,1,0,0,0,2,4702.51,0.0,171.84,120.0,1.0,2,1
1,0,0,0,1,3,4594.5,0.0,162.64,180.0,1.0,2,1
1,1,1,0,0,2,6442.3,1206.4,291.97,300.0,0.0,0,0
1,0,0,0,0,2,7448.2,0.0,286.39,300.0,1.0,2,1
0,1,0,0,1,3,1375.33,0.0,34.26,240.0,1.0,2,1
1,1,0,1,0,2,1698.85,0.0,90.61,180.0,0.0,2,0
1,0,2,1,1,3,1641.18,0.0,48.14,180.0,0.0,1,0
1,1,0,1,1,3,3543.77,1501.65,212.98,300.0,0.0,2,0
1,1,3,0,1,1,3695.09,0.0,127.42,240.0,1.0,2,1
1,0,1,0,1,1,7349.74,0.0,271.73,240.0,1.0,0,1
1,1,0,0,0,2,3172.38,0.0,119.89,300.0,1.0,1,1
1,1,0,0,1,1,5549.8,5086.23,416.82,240.0,1.0,2,1
1,0,0,0,1,1,2932.7,0.0,142.9,300.0,0.0,0,0
1,0,0,0,0,0,12695.8,4516.51,633.38,240.0,0.0,2,0
0,0,0,0,0,2,4912.73,2265.56,248.16,180.0,0.0,1,1
1,1,3,0,0,4,1501.62,1951.78,144.17,240.0,1.0,0,1
1,1,3,0,1,0,9590.53,2869.86,449.5,120.0,1.0,2,1
1,0,0,0,0,2,5386.51,3800.98,327.07,180.0,1.0,1,1
1,0,0,0,0,2,3153.79,0.0,117.05,300.0,0.0,0,0
0,1,2,0,1,0,13257.03,2362.11,644.03,120.0,1.0,0,1
1,1,0,0,1,0,8650.64,0.0,348.45,240.0,1.0,0,1
1,1,2,0,1,3,6648.91,2718.89,378.04,300.0,1.0,1,1
0,1,1,0,0,2,2629.0,0.0,153.07,180.0,1.0,1,1
1,1,0,1,0,2,500.0,0.0,14.81,300.0,1.0,0,1
0,0,2,0,0,2,2349.82,0.0,10.0,360.0,1.0,1,1
1,1,0,1,0,2,3060.06,0.0,75.54,180.0,1.0,2,1
1,1,3,0,0,2,4105.85,3315.5,266.63,120.0,1.0,0,1
1,0,0,0,1,3,3426.05,0.0,122.54,300.0,0.0,0,0
1,0,0,1,0,2,3361.66,0.0,141.62,240.0,0.0,2,0
1,1,2,0,0,2,5741.16,0.0,176.47,240.0,1.0,1,1
0,0,0,0,1,3,4893.96,3361.39,347.97,360.0,1.0,1,1
1,1,3,0,0,2,500.0,0.0,10.0,180.0,0.0,2,0
1,1,0,0,0,2,2317.91,0.0,115.06,300.0,1.0,0,1
1,1,0,0,1,0,4141.85,0.0,135.99,240.0,1.0,2,1
0,1,0,0,0,2,2836.76,1388.12,179.86,120.0,1.0,0,1
1,1,2,1,1,1,2368.18,0.0,126.77,120.0,1.0,2,1
1,1,1,1,1,0,4707.32,1956.76,264.51,300.0,1.0,1,1
0,1,2,1,0,2,2827.5,0.0,48.34,240.0,1.0,0,1
1,1,2,0,0,2,3273.36,1920.37,210.29,300.0,1.0,2,1
1,0,1,0,0,2,6202.61,1374.12,279.24,240.0,1.0,0,1
1,1,0,0,0,2,3499.75,0.0,157.13,300.0,1.0,0,1
1,0,0,0,1,3,5613.36,0.0,244.14,360.0,1.0,0,1
1,1,1,1,0,2,3681.77,844.88,192.79,240.0,1.0,2,1
1,0,1,0,0,4,1952.67,0.0,10.0,120.0,1.0,1,1
1,0,1,0,0,2,1611.22,0.0,19.19,300.0,1.0,0,1
1,0,2,1,0,2,1877.36,3419.1,237.32,180.0,0.0,2,0
0,1,0,0,1,0,8810.31,2924.89,466.68,360.0,1.0,2,1
1,0,1,0,0,2,5874.78,0.0,279.45,180.0,1.0,2,1
1,0,2,0,1,1,4584.3,3303.68,332.4,360.0,0.0,1,0
1,1,3,0,0,2,2940.61,0.0,101.76,300.0,1.0,1,1
1,1,0,0,1,3,3620.3,0.0,193.19,240.0,1.0,2,1
1,1,0,0,0,2,2332.44,0.0,66.14,180.0,1.0,2,1
1,1,1,0,0,2,4688.62,0.0,223.97,240.0,1.0,0,1
1,0,0,0,0,2,2777.19,0.0,187.52,180.0,1.0,0,1
1,1,0,0,0,2,4683.02,0.0,223.39499999999998,240.0,1.0,0,1
1,1,2,1,1,0,5952.49,203.28,205.55,360.0,1.0,0,1
1,1,0,0,0,4,1181.89,4365.52,279.18,120.0,1.0,0,1
1,0,0,0,0,2,2120.21,0.0,54.94,120.0,1.0,1,1
0,1,0,1,1,3,3035.56,2509.71,147.58,300.0,1.0,2,1
1,0,0,0,0,2,2804.79,5311.24,341.49,240.0,1.0,2,1
1,1,0,0,1,3,5717.79,207.77,215.46,120.0,1.0,1,1
1,1,2,1,1,0,5858.47,0.0,251.1,360.0,1.0,0,0
1,1,0,0,0,2,4457.09,0.0,206.86,240.0,1.0,0,1
1,1,0,0,1,3,5568.72,2436.01,298.89,120.0,0.0,2,0
1,1,0,1,0,2,2522.52,0.0,76.61,240.0,1.0,2,1
1,0,0,0,0,2,2786.76,0.0,112.42,360.0,1.0,1,1
1,1,2,0,0,2,3449.08,3240.47,223.39499999999998,360.0,1.0,0,1
0,0,0,0,0,2,5211.36,0.0,203.24,120.0,1.0,0,1
1,0,0,1,1,3,4004.57,0.0,119.89,300.0,1.0,1,1
1,1,2,1,1,1,2391.36,3613.51,260.07,180.0,0.0,2,0
1,0,0,0,1,3,5282.39,0.0,189.16,120.0,0.0,0,0
1,0,3,1,0,2,2511.13,3415.13,223.15,120.0,1.0,1,1
1,0,0,0,0,4,1254.84,0.0,10.0,120.0,1.0,2,1
1,1,0,0,0,2,5514.85,320.67,212.74,300.0,0.0,1,0
1,1,0,0,1,0,6489.86,4575.74,429.17,180.0,1.0,2,1
1,1,0,0,1,0,4776.38,0.0,227.8,240.0,1.0,0,1
1,0,3,0,0,2,3707.45,3189.69,223.39499999999998,300.0,1.0,2,1
1,1,1,0,0,2,7930.65,3909.22,474.18,120.0,1.0,2,1
1,0,3,0,0,2,3990.32,5101.84,376.36,120.0,1.0,0,1
1,0,2,1,0,4,1654.01,0.0,98.45,300.0,1.0,1,1
1,1,0,1,1,3,2821.42,0.0,92.41,180.0,0.0,2,0
1,1,1,0,0,2,2373.42,1946.75,229.89,300.0,1.0,1,1
1,0,0,0,1,0,11755.37,0.0,465.72,240.0,1.0,2,1
1,1,0,1,0,2,3975.64,2197.28,198.72,240.0,0.0,1,1
1,1,0,0,1,3,2062.15,0.0,119.16,120.0,1.0,0,1
1,0,3,0,1,3,4567.13,0.0,176.86,180.0,1.0,2,1
1,1,0,0,1,3,2289.75,0.0,153.46,360.0,1.0,2,1
1,1,1,0,1,1,2297.35,4519.06,242.54,240.0,1.0,0,1
0,1,0,1,1,0,6929.97,221.05,307.11,360.0,1.0,0,0
1,1,0,0,1,3,5315.51,0.0,211.48,120.0,0.0,0,0
1,0,1,0,0,2,6865.22,0.0,336.89,120.0,1.0,2,1
1,0,1,0,0,2,1904.14,2005.61,165.13,360.0,1.0,0,1
0,0,0,0,0,2,4566.73,0.0,172.33,120.0,0.0,2,1
1,1,3,0,0,2,5250.5,0.0,215.47,240.0,0.0,0,0
1,0,0,0,0,2,3368.44,3229.25,293.31,240.0,1.0,1,1
0,1,0,0,0,2,5182.39,0.0,192.61,300.0,1.0,0,1
1,0,0,1,1,3,1299.81,3404.6,242.09,360.0,1.0,1,1
1,1,2,0,0,2,2965.59,3500.56,267.7,120.0,1.0,0,1
1,1,1,1,0,2,500.0,2088.43,137.45,360.0,1.0,2,1
1,0,0,1,1,0,3467.47,0.0,134.18,360.0,1.0,0,1
1,1,3,1,0,2,2897.04,2735.94,220.08,240.0,1.0,1,1
1,1,3,0,0,2,7907.97,1936.9,472.6,120.0,1.0,1,1
1,1,2,0,0,2,7322.19,4267.83,422.08,120.0,1.0,2,1
1,1,0,1,0,2,2926.31,3324.43,244.04,180.0,1.0,0,1
1,0,0,0,0,2,3842.92,0.0,103.31,300.0,1.0,1,1
1,0,1,0,1,0,6331.39,0.0,246.74,180.0,1.0,0,1
1,1,1,0,1,3,5168.31,0.0,193.5,240.0,1.0,0,1
1,0,0,1,0,2,3725.77,1567.48,216.97,120.0,0.0,0,0
0,0,1,0,0,2,8302.22,0.0,330.59,120.0,1.0,0,1
1,1,0,0,0,2,4875.21,951.02,234.41,300.0,1.0,0,0
1,0,0,0,1,3,2614.11,0.0,71.22,120.0,1.0,0,1
1,1,0,0,0,2,5828.97,0.0,221.34,240.0,1.0,0,1
1,0,1,1,1,1,1558.3,0.0,53.93,180.0,0.0,1,0
1,0,0,0,0,2,4303.2,4115.09,223.39499999999998,360.0,1.0,2,1
1,0,2,0,0,4,957.41,3534.06,191.26,360.0,1.0,2,1
1,1,1,1,1,3,4680.96,4908.9,369.65,360.0,0.0,0,0
1,1,2,0,0,2,6334.35,4763.69,466.38,240.0,1.0,1,1
1,1,2,0,0,2,3981.53,2312.68,249.48,300.0,0.0,0,0
1,1,2,0,0,2,7151.97,3112.51,440.28,360.0,1.0,0,1
1,0,2,0,0,2,6340.58,0.0,261.44,360.0,0.0,0,0
1,1,0,0,1,1,4517.41,0.0,162.22,120.0,1.0,1,1
1,1,0,0,0,2,5863.66,3828.51,355.0,300.0,1.0,1,1
0,1,0,0,0,2,5415.12,0.0,239.06,240.0,1.0,2,1
1,1,2,0,0,2,5079.09,3616.3,360.17,120.0,1.0,2,1
1,0,2,0,0,2,3160.3,1757.22,151.22,300.0,1.0,2,1
1,1,3,0,1,3,4218.44,1372.2,272.61,180.0,1.0,1,1
0,1,0,0,1,1,3935.25,0.0,124.35,120.0,1.0,0,1
1,1,2,0,0,2,4275.97,2917.08,336.66,180.0,1.0,0,1
1,0,0,0,1,1,2531.81,2135.9,157.86,180.0,1.0,2,1
1,0,0,0,0,2,1739.07,0.0,10.0,120.0,1.0,0,1
0,0,2,0,1,1,4295.47,0.0,148.65,120.0,1.0,1,1
1,1,2,1,0,2,1277.27,1535.07,122.56,300.0,1.0,1,1
1,1,0,0,1,0,7150.74,4774.73,456.6,300.0,1.0,1,1
1,0,0,1,0,2,2670.62,0.0,60.69,360.0,0.0,0,0
0,1,1,1,1,3,2731.13,1736.8,211.92,120.0,0.0,1,0
1,1,0,0,0,2,3345.13,3649.78,301.05,180.0,0.0,0,0
1,1,0,0,0,3,5522.22,1976.24,349.7,300.0,1.0,2,1
0,1,0,0,0,2,5654.25,0.0,207.48,240.0,1.0,0,1
0,1,0,0,0,2,4476.99,1968.14,228.03,240.0,1.0,1,1
0,1,1,1,1,1,2750.97,0.0,98.52,360.0,0.0,1,0
0,1,2,0,0,2,6417.5,0.0,247.34,240.0,1.0,0,1
0,1,2,1,0,2,4708.58,3493.05,346.32,360.0,1.0,2,1
1,0,0,0,0,2,5738.24,5047.57,524.27,180.0,1.0,2,1
0,1,0,0,0,2,5779.19,0.0,278.83,240.0,1.0,2,1
1,1,1,0,1,3,4322.83,2598.8,223.39499999999998,300.0,1.0,1,1
1,1,0,0,0,2,3204.6,1503.18,221.37,240.0,1.0,0,1
1,1,1,0,0,2,5364.23,3204.17,355.15,180.0,1.0,0,1
1,1,0,0,1,1,2517.88,0.0,76.46,120.0,1.0,2,1
1,1,3,0,1,3,2732.81,0.0,131.51,240.0,1.0,1,1
1,1,0,0,0,2,4242.3,0.0,145.72,180.0,0.0,2,0
1,1,0,0,1,3,6520.66,4793.35,466.58,180.0,1.0,1,1
1,1,0,1,0,2,3688.6,2979.63,255.88,360.0,0.0,2,0
1,1,2,0,1,0,8025.94,2998.72,472.46,240.0,1.0,1,1
0,1,2,1,1,1,2501.93,0.0,18.94,300.0,1.0,1,1
1,1,0,1,1,3,2316.54,1922.21,188.85,300.0,1.0,1,1
1,0,2,1,1,3,1720.44,640.15,59.21,300.0,1.0,0,1
1,1,0,0,0,4,1537.01,919.27,223.39499999999998,240.0,0.0,2,0
1,1,1,0,0,2,5065.89,0.0,151.23,120.0,1.0,0,1
1,1,3,1,0,2,4507.32,0.0,179.63,360.0,1.0,2,1
1,1,0,1,0,2,4186.7,2126.37,241.07,360.0,1.0,0,1
1,0,1,0,1,1,4354.98,0.0,184.05,240.0,0.0,0,0
0,1,0,1,0,2,2256.39,0.0,127.09,180.0,1.0,2,1
1,1,0,0,0,2,8354.67,2799.77,464.72,180.0,0.0,2,0
1,0,0,0,0,2,3446.24,941.05,176.22,180.0,1.0,2,1
1,0,0,0,0,2,5467.33,1377.96,302.29,240.0,1.0,1,1
0,1,0,1,0,2,3496.65,0.0,185.61,240.0,1.0,1,1
1,1,0,0,1,0,5652.05,3053.93,346.78,120.0,1.0,2,1
1,0,1,0,0,2,5365.26,3400.0,377.27,240.0,1.0,0,1
0,1,1,0,1,0,5765.04,2918.83,296.9,120.0,1.0,0,1
1,1,0,1,0,2,2256.83,0.0,63.98,360.0,0.0,0,0
1,0,3,1,0,2,867.25,1536.41,90.93,180.0,1.0,0,1
1,1,0,1,1,3,2712.66,0.0,164.31,240.0,1.0,0,1
1,1,0,0,0,2,7575.91,925.51,385.56,240.0,1.0,2,1
1,0,0,1,0,2,1783.82,1919.9,145.22,300.0,1.0,1,1
1,1,0,1,1,3,3114.52,0.0,145.51,240.0,1.0,1,1
0,0,0,1,0,2,3563.8,4349.56,331.62,180.0,1.0,2,1
1,1,1,0,0,2,5745.87,0.0,243.37,240.0,1.0,2,1
0,0,2,0,0,2,5817.03,0.0,233.01,300.0,0.0,2,0
1,0,1,0,0,2,4691.53,3613.54,264.81,240.0,1.0,0,1
1,1,3,0,0,2,2958.69,1601.86,121.78,240.0,1.0,2,1
1,1,0,0,0,2,5220.35,2541.69,313.34,360.0,1.0,2,1
1,1,0,1,0,2,3436.6,0.0,153.89,360.0,0.0,1,0
1,1,3,0,0,2,3335.53,3432.78,314.76,300.0,1.0,1,1
1,1,0,0,0,2,6258.72,0.0,275.03,300.0,1.0,2,1
1,0,0,0,0,2,4336.58,3398.54,267.82,300.0,1.0,2,1
1,0,1,0,1,0,8914.82,0.0,345.1,240.0,0.0,0,0
1,1,0,0,0,4,1121.68,0.0,20.2,360.0,1.0,0,1
0,1,0,0,1,3,4568.96,0.0,229.07,300.0,0.0,2,0
1,1,2,0,1,0,3692.69,0.0,178.69,240.0,1.0,0,1
0,1,3,0,0,2,6224.28,883.08,235.78,180.0,1.0,1,1
1,0,2,0,1,1,2106.89,1387.96,166.64,180.0,0.0,1,0
0,1,0,0,1,1,5488.74,0.0,217.11,240.0,1.0,2,1
1,1,2,0,0,2,5639.08,2995.86,355.01,120.0,1.0,2,1
1,0,0,0,0,2,3229.52,0.0,91.73,240.0,1.0,2,1
1,0,3,0,0,2,5327.21,2462.89,294.78,300.0,1.0,0,1
1,1,0,0,0,2,3477.8,990.84,141.31,240.0,1.0,1,1
1,1,0,0,0,2,4662.74,2694.4,223.39499999999998,360.0,1.0,0,1
1,1,2,0,0,4,1449.41,0.0,44.8,180.0,0.0,0,0
1,1,0,0,0,2,697.6,3304.23,106.57,120.0,1.0,0,1
0,0,3,0,0,1,5610.92,1349.02,260.38,240.0,1.0,2,1
1,1,0,1,1,1,2042.14,0.0,74.43,240.0,1.0,1,1
0,0,3,0,0,2,1840.89,2334.95,156.32,120.0,1.0,1,1
1,0,0,0,0,0,9823.56,2757.5,521.6,300.0,0.0,2,0
1,0,0,0,1,1,4505.16,3771.28,344.33,240.0,0.0,0,0
0,1,0,0,1,0,4598.48,4043.66,344.19,360.0,1.0,0,1
0,0,2,0,1,0,9122.5,0.0,383.52,360.0,1.0,1,1
1,1,2,0,0,2,4818.33,0.0,174.65,300.0,1.0,1,1
1,0,0,0,1,0,5793.79,3250.85,350.23,300.0,0.0,1,0
1,1,1,0,0,2,3780.92,0.0,187.08,240.0,1.0,0,1
1,1,0,1,1,1,4206.32,3622.32,298.22,120.0,1.0,1,1
1,1,1,0,0,2,2460.71,0.0,134.27,240.0,0.0,1,0
1,1,1,1,1,3,903.2,3104.09,197.63,300.0,1.0,2,1
1,1,0,0,1,0,10563.1,0.0,413.94,240.0,1.0,2,1
1,1,0,0,1,0,6557.02,1818.87,379.17,120.0,1.0,2,1
1,0,0,0,0,2,6246.19,2745.23,329.81,120.0,1.0,2,1
0,1,0,0,0,2,4070.62,0.0,223.39499999999998,240.0,1.0,1,1
1,1,0,0,0,2,4875.49,2660.3,315.12,180.0,0.0,1,0
1,1,2,0,0,2,7969.04,0.0,290.85,360.0,0.0,1,1
1,0,1,0,0,2,1930.88,0.0,116.99,120.0,1.0,2,1
1,1,2,0,1,0,11679.32,0.0,442.5,120.0,1.0,1,1
1,0,0,1,0,2,6123.38,0.0,217.13,120.0,1.0,0,1
1,0,0,0,1,0,6995.81,5957.63,509.54,120.0,1.0,0,1
1,1,1,0,0,2,6604.23,3273.42,387.37,300.0,1.0,0,1
1,0,0,0,0,2,3943.24,5154.62,372.27,180.0,1.0,0,1
1,0,0,1,1,1,4927.06,3726.9,323.19,180.0,1.0,1,1
1,0,0,0,0,2,4005.74,1835.5,237.59,240.0,1.0,2,0
0,0,0,0,0,2,5186.69,0.0,182.63,180.0,1.0,0,1
1,0,2,1,1,3,3482.99,0.0,153.42,240.0,1.0,2,1
1,1,2,0,1,3,500.0,2046.68,80.6,360.0,1.0,0,1
1,1,0,0,0,2,4087.6,2342.6,278.49,120.0,1.0,0,1
0,1,1,0,0,2,9633.53,1949.8,487.36,240.0,1.0,2,1
1,0,1,0,1,3,6068.87,0.0,184.88,240.0,0.0,1,0
0,1,2,1,0,2,3381.17,0.0,78.14,240.0,1.0,2,1
1,1,1,0,1,0,8331.99,2547.37,449.44,240.0,0.0,2,0
1,1,1,1,0,2,3110.89,0.0,138.86,300.0,1.0,2,1
1,1,2,0,0,2,7562.05,1398.34,352.81,360.0,1.0,0,1
